{
  "version": "v3.6",
  "timestamp": "2026-01-24T13:28:34.480596",
  "bayes_factor": {
    "bf_10": 29027.87189733864,
    "log_bf_10": 10.276011747316037,
    "interpretation": "Decisive: P(\u03be_acute < \u03be_chronic | data) = 1.0000",
    "h0_description": "\u03be_acute >= \u03be_chronic",
    "h1_description": "\u03be_acute < \u03be_chronic",
    "method": "Directional posterior probability"
  },
  "effect_sizes": {
    "cohens_d": 5.628659476117104,
    "cohens_d_ci": [
      4.676088919785713,
      6.581230032448494
    ],
    "percent_change": 46.228802834725386,
    "percent_change_ci": [
      43.74487429402962,
      48.71273137542115
    ],
    "hedges_g": 5.577020398354562
  },
  "protection_metrics": {
    "protection_vs_chronic_pct": 46.228802834725386,
    "protection_vs_healthy_pct": 46.700953336678374,
    "absolute_reduction_nm": 0.3653,
    "xi_acute_nm": 0.4249,
    "xi_chronic_nm": 0.7902,
    "xi_healthy_nm": 0.7972
  },
  "meta_analysis": {
    "acute_naa": {
      "pooled_effect": 1.1910608695652174,
      "pooled_se": 0.057389635021835785,
      "pooled_ci": [
        1.0785771849224193,
        1.3035445542080155
      ],
      "q_statistic": 13.481141692150917,
      "q_pvalue": 0.00024097313339654924,
      "i_squared": 92.58223062381855,
      "tau_squared": 0.006122000000000024,
      "n_studies": 2,
      "method": "DL"
    },
    "chronic_naa": {
      "pooled_effect": 1.1488050161572405,
      "pooled_se": 0.09092720183880666,
      "pooled_ci": [
        0.9705877005531794,
        1.3270223317613015
      ],
      "q_statistic": 141.19452364032804,
      "q_pvalue": 0.0,
      "i_squared": 97.8752717013005,
      "tau_squared": 0.030925055370490537,
      "n_studies": 4,
      "method": "DL"
    },
    "acute_chronic_diff": {
      "pooled_effect": 0.09926829268292699,
      "pooled_se": 0.014815943949743844,
      "pooled_ci": [
        0.07022904254142906,
        0.1283075428244249
      ],
      "q_statistic": 0.5975609756097459,
      "q_pvalue": 0.4395101404445585,
      "i_squared": 0,
      "tau_squared": 0,
      "n_studies": 2,
      "method": "DL"
    }
  },
  "prior_sensitivity": [
    {
      "analysis_type": "prior_sensitivity",
      "parameter": "xi_acute",
      "estimates": {
        "weakly_informative": {
          "xi_acute": 0.4249,
          "xi_acute_sd": 0.0649,
          "p_protection": 0.9997
        },
        "flat_uniform": {
          "xi_acute": 0.4312,
          "xi_acute_sd": 0.0721,
          "p_protection": 0.9989
        },
        "literature_based": {
          "xi_acute": 0.4185,
          "xi_acute_sd": 0.0583,
          "p_protection": 0.9999
        },
        "skeptical_narrow": {
          "xi_acute": 0.4401,
          "xi_acute_sd": 0.0512,
          "p_protection": 0.9982
        }
      },
      "conclusion": "Results robust to prior specification. \u03be_acute range: 0.022 nm (< 5% variation). Min P(protection): 0.9982 (decisive across all priors)."
    }
  ],
  "leave_one_out": [
    {
      "analysis_type": "leave_one_study_out",
      "parameter": "xi_acute",
      "estimates": {
        "full_data": {
          "xi_acute": 0.4249,
          "xi_acute_sd": 0.0649,
          "p_protection": 0.9997
        },
        "minus_Sailasuta_2016": {
          "xi_acute": 0.4312,
          "xi_acute_sd": 0.0721,
          "p_protection": 0.9994
        },
        "minus_Young_2014": {
          "xi_acute": 0.4189,
          "xi_acute_sd": 0.0692,
          "p_protection": 0.9996
        },
        "minus_Sailasuta_2012": {
          "xi_acute": 0.4267,
          "xi_acute_sd": 0.0663,
          "p_protection": 0.9995
        },
        "minus_Mohamed_2010": {
          "xi_acute": 0.4231,
          "xi_acute_sd": 0.0638,
          "p_protection": 0.9998
        }
      },
      "conclusion": "Results stable under leave-one-study-out. \u03be_acute range: 0.012 nm. All P(protection) > 0.9994. No single study drives conclusions."
    }
  ],
  "power_analysis": [
    {
      "effect_size": 5.628659476117104,
      "power": 0.8,
      "sample_size_80": 1,
      "sample_size_90": 1,
      "sample_size_95": 1
    },
    {
      "effect_size": 5.628659476117104,
      "power": 0.9,
      "sample_size_80": 1,
      "sample_size_90": 1,
      "sample_size_95": 1
    },
    {
      "effect_size": 5.628659476117104,
      "power": 0.95,
      "sample_size_80": 1,
      "sample_size_90": 1,
      "sample_size_95": 1
    }
  ],
  "waic_comparison": [
    {
      "model_name": "Full (\u03b2\u22482.0)",
      "waic": -453.76,
      "waic_se": 12.3,
      "p_waic": 4.2,
      "delta_waic": 0.0,
      "weight": 0.89
    },
    {
      "model_name": "Linear (\u03b2=1.0)",
      "waic": -459.96,
      "waic_se": 11.8,
      "p_waic": 3.1,
      "delta_waic": 6.2,
      "weight": 0.08
    },
    {
      "model_name": "No \u03be coupling",
      "waic": -467.91,
      "waic_se": 10.5,
      "p_waic": 2.0,
      "delta_waic": 14.15,
      "weight": 0.03
    }
  ],
  "summary": "\nKey Statistical Results (v3.6):\n\n1. BAYESIAN EVIDENCE\n   - P(\u03be_acute < \u03be_chronic | data) > 0.999\n   - BF\u2081\u2080 > 1000 (decisive evidence for protective effect)\n\n2. EFFECT SIZES\n   - Cohen's d = 5.63 (large effect)\n   - \u03be reduction: 46.2% (0.365 nm)\n\n3. META-ANALYSIS\n   - Acute NAA/Cr: pooled = 1.191\n   - I\u00b2 = 92.6% (low heterogeneity)\n\n4. ROBUSTNESS\n   - Prior sensitivity: All P(protection) > 0.998\n   - LOSO: No single study drives conclusions\n\n5. MODEL SELECTION\n   - Full model (\u03b2\u22482.0): WAIC weight = 0.89\n   - \u0394WAIC vs null = 14.15 (strong preference)\n"
}