Phase,NAA_mean,NAA_SE,n,xi_estimate_nm,enzyme_activity_fold,publication_year,art_era,art_era_idx,Pi_xi,computed_Pi_xi,validation_delta
Acute,1.2769,0.0297,828,0.61,2.687449610319807,,unknown,-1,1.1605521220222956,1.1605521220222956,1.5268974882975115
Chronic,0.8425,0.0295,132,0.81,1.524157902758726,,unknown,-1,0.6790493729187295,0.6790493729187295,0.8451085298399965
Control,0.9297,0.0348,104,1.0,1.0,,unknown,-1,0.45597185672187757,0.45597185672187757,0.5440281432781224
