Phase,Pi_xi_mean,NAA_mM,Cho_mM,NAA_Cr,Cho_Cr
Acute,1.1605521220222956,7.604282907946027,1.5611453197147824,1.118276898227357,0.2295801940757033
Chronic,0.6790493729187295,7.3490545330915245,1.5152863307615199,1.0807433136899303,0.22283622511198822
Control,0.45597185672187757,7.384635885636678,1.5,1.0859758655348057,0.22058823529411767
