Phase,NAA_Cr,Cho_Cr
Control,0.9522659976805317,0.1875
Acute,1.0344051453752778,0.19432030191358338
Chronic,0.9395195552140285,0.18961194372170562
