Phase,Pi_xi_mean,NAA_mM,Cho_mM,NAA_Cr,Cho_Cr
Acute,1.1605521220222956,7.517366037453473,1.510338197405558,1.1054950055078638,0.22210855844199384
Chronic,0.6790493729187295,7.474861227236966,1.5025845493513896,1.0992442981230832,0.22096831608108672
Control,0.45597185672187757,7.48078725008382,1.5,1.10011577207115,0.22058823529411767
