Phase,NAA_mean,NAA_SE,n,xi_estimate_nm,enzyme_activity_fold
Acute,1.1222,0.0306,146,0.61,2.687449610319807
Chronic,0.8256,0.0259,168,0.81,1.524157902758726
Control,1.2695,0.0477,66,1.0,1.0
