Phase,NAA_mean,NAA_SE,n,xi_estimate_nm,enzyme_activity_fold
Acute,1.0086,0.0218,358,0.61,2.687449610319807
Chronic,0.8256,0.0259,168,0.81,1.524157902758726
Control,0.9085,0.0294,142,1.0,1.0
