condition,NAA_obs,NAA_pred
healthy,1.2695,1.2930275249295011
acute_HIV,1.242,1.2431034617580679
chronic_HIV,1.1412499999999999,1.1574565095145968
