,rank,elpd_loo,p_loo,elpd_diff,weight,se,dse,warning,scale
null,0,374.47154209038547,22.363945651918698,0.0,0.925000058606421,13.302752176072639,0.0,False,log
linear,1,356.5102333873256,41.40908892743744,17.9613087030599,0.07499994139385857,12.369333863749027,6.58381232401511,False,log
full,2,331.7008169982437,53.42320909060243,42.770725092141824,0.0,12.363979634892242,7.2325521533852095,False,log
