Model,beta_xi,xi_acute,xi_chronic,p_protected
Main_v3.6,1.9302421535147514,0.7861373511718864,0.8260772849904999,1.0
Enzyme_v4,1.907,0.0,0.0,N/A
Individual_v1,1.81,0.723,0.804,N/A
Regional_v1,1.636,0.717,N/A,N/A
